Matched Selector?,Exact Page URL
YES,https://attitude.co.uk/article/dancing-on-ice-star-max-evans-opens-up-about-that-full-frontal-shoot-with-brother-thom-1/17429/
YES,https://attitude.co.uk/article/86-year-old-attitude-reader-hugh-gets-naked-to-prove-youre-never-too-old-to-celebrate-your-body/17189/
YES,https://attitude.co.uk/article/austin-armacosts-divorce-diet-reality-star-loses-two-stone-in-just-12-weeks-and-sculpts-his-dream-body-to-celebrate-his-new-life/17148/
YES,https://attitude.co.uk/article/the-gay-star-of-sas-who-dares-wins-is-sticking-two-fingers-up-to-his-childhood-bullies/17011/
YES,https://attitude.co.uk/article/geordie-shores-nathan-henry-how-i-lost-32lbs-and-sculpted-the-superman-body-of-my-dreams-in-just-12-weeks/16962/
YES,https://attitude.co.uk/article/ms-menswear-launch-two-new-innovative-active-ranges-1/16964/
YES,https://attitude.co.uk/article/real-bodies-life-doesnt-end-when-you-get-grey-hair-1/16949/
YES,https://attitude.co.uk/article/new-vieve-sports-nutrition-gives-active-men-protein-without-the-artificial-ingredients/16916/
YES,https://attitude.co.uk/article/max-emerson-strips-off-to-talk-health-and-fitness-with-attitude/16585/
YES,https://attitude.co.uk/article/real-bodies-i-try-not-to-be-naked-even-in-front-of-my-husband-1/16577/
YES,https://attitude.co.uk/article/attitudes-deputy-editor-embarks-on-three-month-body-transformation-part-one-1/16439/
YES,https://attitude.co.uk/article/strictly-come-dancings-gorka-marquez-strips-off-and-talks-fitness-with-attitude-1/16364/
YES,https://attitude.co.uk/article/showbiz-journalist-james-ingham-strips-off-for-attitudes-active-shoot-1/16379/
YES,https://attitude.co.uk/article/gareth-gates-strips-down-and-shows-off-his-body-to-talk-fitness-with-attitude-1/16175/
YES,https://attitude.co.uk/article/win-tickets-to-see-oceans-8-at-a-special-screening-and-two-tickets-to-the-premiere/18102/
YES,https://attitude.co.uk/article/win-180-worth-of-absolute-collagen-goodies-1/17728/
YES,https://attitude.co.uk/article/win-tickets-to-bfi-flare-presents-love-simon-terms-and-conditions/17380/
YES,https://attitude.co.uk/article/give-him-the-ride-of-his-life-win-a-pair-of-eurostar-tickets-to-amsterdam-1/17239/
